Series Code,Country Name,Country Code,2000,2001,2002,2003,2004,2005,2006,2007,2008,2009,2010,2011,2012,2013,2014,2015,2016,2017,2018,2019,2020,total_arrivals_sum
ST.INT.ARVL,Afghanistan,AFG,..,..,..,..,..,..,..,..,..,..,..,..,..,..,..,..,..,..,..,..,..,
ST.INT.ARVL,Albania,ALB,317000,354000,470000,557000,645000,748000,937000,1127000,1420000,1856000,2417000,2932000,3514000,3256000,3673000,4131000,4736000,5118000,5927000,6406000,2658000,53199000
ST.INT.ARVL,Algeria,DZA,866000,901000,988000,1166000,1234000,1443000,1638000,1743000,1772000,1912000,2070000,2395000,2634000,2733000,2301000,1710000,2039000,2451000,2657000,2371000,591000,37615000
ST.INT.ARVL,American Samoa,ASM,44000,36000,..,..,..,24500,25299.99924,24100.00038,24299.99924,23500,23100.00038,22600.00038,22600.00038,20799.99924,21600.00038,20299.99924,20100.00038,20000,20200.00076,19200.00076,899.9999762,413100.0007
ST.INT.ARVL,Andorra,AND,10991000,11351000,11507000,11601000,11668000,11049000,10737000,10743000,10194000,9112000,8551000,7983000,7900000,7676000,7797000,7850000,8025000,8152000,8328000,8235000,5207000,194657000
ST.INT.ARVL,Angola,AGO,51000,67000,91000,107000,194000,210000,121000,195000,294000,366000,425000,481000,528000,650000,595000,592000,397000,261000,218000,218000,..,6061000
ST.INT.ARVL,Antigua and Barbuda,ATG,634000,624000,528000,623000,769000,712000,838000,935000,863000,944000,788000,848000,819000,777000,771000,894000,874000,1040000,1064000,1035000,384500,16764500
ST.INT.ARVL,Argentina,ARG,2909000,2620000,2820000,2995000,3457000,3823000,4173000,4562000,4700000,4308000,6800000,6703000,6497000,6510000,7165000,6816000,6668000,6711000,6942000,7399000,..,104578000
ST.INT.ARVL,Armenia,ARM,45000,123000,162000,206000,263000,319000,382000,511000,558000,575000,684000,758000,963000,1084000,1204000,1192000,1260000,1495000,1652000,1894000,375000,15705000
ST.INT.ARVL,Aruba,ABW,1211000,1178000,1225000,1184000,1304000,1286000,1285000,1254000,1383000,1420000,1394000,1469000,1481000,1667000,1739000,1832000,1758000,1863000,1897000,1951000,..,29781000
ST.INT.ARVL,Australia,AUS,4931000,4856000,4841000,4746000,5215000,5499000,5532000,5644000,5586000,5490000,5790000,5771000,6032000,6482000,6922000,7449000,8269000,8815000,9246000,9466000,1828000,128410000
ST.INT.ARVL,Austria,AUT,17982000,18180000,18611000,19078000,19374000,19952000,20269000,20773000,21935000,21355000,22004000,23012000,24151000,24813000,25291000,26728000,28121000,29460000,30816000,31884000,15091000,478880000
ST.INT.ARVL,Azerbaijan,AZE,681000,767000,834000,1038000,1279000,1177000,1194000,1333000,1899000,1830000,1963000,2239000,2484000,2509000,2298000,2006000,2249000,2697000,2850000,3170000,796000,37293000
ST.INT.ARVL,"Bahamas, The",BHS,4204000,4183000,4406000,4594000,5004000,4779000,4731000,4601000,4394000,4645000,5255000,5588000,5940000,6151000,6320000,6112000,6265000,6136000,6622000,7250000,1794500,108974500
ST.INT.ARVL,Bahrain,BHR,3869000,4388000,4831000,4844000,5667000,6313000,7289000,7833000,8631000,8861000,11952000,6732000,8062000,9163000,10452000,9670000,10158000,11374000,12045000,11061000,1909000,165104000
ST.INT.ARVL,Bangladesh,BGD,199000,207000,207000,245000,271000,208000,200000,289000,467000,267000,139000,157000,160000,104000,134000,126000,182000,237000,267000,323000,..,4389000
ST.INT.ARVL,Barbados,BRB,1078000,1035000,1021000,1090000,1273000,1111000,1102000,1191000,1165000,1154000,1197000,1187000,1053000,1079000,1079000,1179000,1227000,1345000,1356000,966000,..,22888000
ST.INT.ARVL,Belarus,BLR,2030000,1852000,1907000,1729000,1816000,4738000,5276000,5283000,5262000,4872000,5674000,5877000,6130000,6242000,5375000,4386000,10935000,11060000,11502000,11832000,3598000,117376000
ST.INT.ARVL,Belgium,BEL,6457000,6452000,6720000,6690000,6710000,6747000,6995000,7045000,7165000,6815000,7186000,7494000,7560000,7684000,7887000,8355000,7481000,8385000,9119000,9343000,2584000,150874000
ST.INT.ARVL,Belize,BLZ,374000,385000,694000,999000,1329000,1037000,903000,880000,846000,941000,1054000,1106000,1028000,1022000,1289000,1299000,1391000,1441000,1697000,1674000,487000,21876000
ST.INT.ARVL,Benin,BEN,1068000,1155000,853000,850000,845000,960000,975000,1010000,1027000,..,..,222000,232000,252000,265000,279000,292000,307000,322000,337000,..,11251000
ST.INT.ARVL,Bermuda,BMU,539000,458000,484000,483000,478000,517000,635000,660000,550000,554000,580000,652000,610000,576000,580000,597000,642000,688000,766000,805000,51400.00153,11905400
ST.INT.ARVL,Bhutan,BTN,7599.999905,6400.000095,5599.999905,6300.000191,9199.999809,13600.00038,17299.99924,21000,28000,23000,41000,66000,105000,116000,133000,155000,210000,255000,274000,316000,29799.99924,1838799.999
ST.INT.ARVL,Bolivia,BOL,319000,316000,334000,427000,480000,524000,521000,573000,594000,599000,679000,711000,798000,798000,871000,882000,961000,1109000,1142000,1239000,323299.9878,14200299.99
ST.INT.ARVL,Bosnia and Herz.,BIH,171000,139000,160000,165000,190000,217000,256000,306000,322000,311000,365000,392000,439000,529000,536000,678000,778000,923000,1053000,1198000,197000,9325000
ST.INT.ARVL,Botswana,BWA,1306000,1451000,1485000,1592000,1727000,1684000,1642000,1965000,2344000,..,..,..,..,..,..,1660000,1712000,1775000,1830000,..,..,22173000
ST.INT.ARVL,Brazil,BRA,5313000,4773000,3785000,4133000,4794000,5358000,5017000,5026000,5050000,4802000,5161000,5433000,5677000,5813000,6430000,6306000,6547000,6589000,6621000,6353000,..,108981000
ST.INT.ARVL,British Virgin Islands,VGB,272000,296000,282000,278000,304000,337000,356000,358000,346000,309000,330000,338000,351000,366000,386000,393000,408000,335000,192000,302399.9939,83000,6622399.994
ST.INT.ARVL,Brunei,BRN,984000,840000,891000,944000,..,815000,836000,877000,..,..,..,..,..,..,..,..,4257000,4316000,4521000,4449000,1071000,24801000
ST.INT.ARVL,Bulgaria,BGR,4922000,5104000,5563000,6241000,6982000,7282000,7499000,7726000,8533000,7873000,8374000,8713000,8867000,9192000,9409000,9317000,10604000,11596000,12368000,12552000,4973000,173690000
ST.INT.ARVL,Burkina Faso,BFA,126000,128000,150000,163000,222000,245000,264000,289000,272000,269000,274000,238000,237000,218000,191000,163000,152000,143000,144000,143000,67000,4098000
ST.INT.ARVL,Burundi,BDI,29000,36000,74000,74000,133000,148000,214000,192000,202000,212000,142000,144000,147000,234000,235000,131000,187000,299000,..,..,..,2833000
ST.INT.ARVL,Cabo Verde,CPV,115000,134000,126000,150000,157000,198000,242000,267000,285000,287000,336000,428000,482000,503000,494000,520000,598000,668000,710000,758000,180000,7638000
ST.INT.ARVL,Cambodia,KHM,466000,605000,787000,701000,1055000,1422000,1700000,2015000,2125000,2162000,2508000,2882000,3584000,4210000,4503000,4775000,5012000,5602000,6201000,6611000,1306000,60232000
ST.INT.ARVL,Cameroon,CMR,..,..,..,..,..,..,451000,477000,487000,498000,573000,604000,817000,783000,822000,897000,994000,1081000,997000,1021000,..,10502000
ST.INT.ARVL,Canada,CAN,48638000,47147000,44896000,38903000,38845000,36160000,33390000,30373000,27370000,24696000,25621000,25066000,25318000,25167000,25558000,27555000,30142000,31081000,31274000,32430000,..,649630000
ST.INT.ARVL,Cayman Islands,CYM,1385000,1549000,1878000,2113000,1953000,1967000,2197000,2008000,1856000,1792000,1886000,1710000,1829000,1721000,1993000,2102000,2097000,2147000,2384000,2334000,660000,39561000
ST.INT.ARVL,Central African Republic,CAF,11199.99981,9899.999619,2900.000095,5699.999809,8199.999809,12000,13800.00019,17100.00038,30600.00038,52400.00153,53799.99924,65400.00153,70800.00305,83500,95699.99695,120500,82000,107000,109000,87000,..,1038500.002
ST.INT.ARVL,Chad,TCD,43000,57000,32000,21000,26000,29000,46000,77000,61000,70000,71000,77000,86000,97000,119000,120000,98000,87000,63000,81000,10399.99962,1371400
ST.INT.ARVL,Channel Islands,CHI,..,..,..,..,..,..,..,..,..,..,..,..,..,..,..,..,..,..,..,..,..,
ST.INT.ARVL,Chile,CHL,..,..,..,..,..,..,..,..,3713000,3657000,3584000,3963000,4397000,4457000,4601000,5487000,6712000,7621000,6603000,5431000,..,60226000
ST.INT.ARVL,China,CHN,83444000,89013000,97908000,91662000,109038000,120292000,124942000,131873000,130027000,126476000,133762000,135423000,132405000,129078000,128499000,133820000,141774000,153260000,158606000,162538000,30402000,2544242000
ST.INT.ARVL,Colombia,COL,707000,788000,661000,668000,840000,981000,2096000,2381000,2545000,2649000,1701000,2356000,2434000,2595000,2866000,3371000,3675000,4056000,4397000,4531000,1396000,47694000
ST.INT.ARVL,Comoros,COM,24000,19399.99962,18899.99962,20600.00038,23299.99924,25899.99962,28500,15199.99981,14800.00019,11300.00019,15300.00019,18799.99924,22799.99924,21899.99962,22799.99924,23600.00038,26799.99924,28000,35900.00153,45099.99847,7000,469899.9958
ST.INT.ARVL,Dem. Rep. Congo,COD,103000,55000,28000,35000,36000,61000,55000,47000,50000,53000,81000,186000,167000,191000,334000,354000,351000,..,..,..,..,2187000
ST.INT.ARVL,Congo,COG,..,..,..,..,..,..,..,..,..,..,199000,224000,259000,345000,229000,224000,213000,151000,158000,..,..,2002000
ST.INT.ARVL,Costa Rica,CRI,1278000,1320000,1335000,1514000,1771000,1959000,2071000,2302000,2409000,2309000,2495000,2526000,2542000,2641000,2760000,2899000,3204000,3231000,3313000,3366000,1146500,48391500
ST.INT.ARVL,Côte d'Ivoire,CIV,..,..,..,..,..,..,..,182000,205000,231000,252000,270000,289000,380000,471000,1441000,1583000,1800000,1965000,2070000,668000,11807000
ST.INT.ARVL,Croatia,HRV,37226000,40129000,41737000,42857000,44974000,45762000,47733000,52271000,51336000,47573000,49006000,49969000,47185000,48345000,51168000,55858000,57587000,59238000,57668000,60021000,21608000,1009251000
ST.INT.ARVL,Cuba,CUB,1774000,1775000,1686000,1906000,2049000,2319000,2221000,2152000,2348000,2430000,2532000,2716000,2847000,2862000,3014000,3540000,4009000,4654000,4712000,4276000,1086000,56908000
ST.INT.ARVL,Curacao,CUW,514000,519000,545000,508000,452000,510000,572000,664000,773000,808000,762000,837000,908000,1071000,1129000,1072000,944000,1058000,1210000,1293000,..,16149000
ST.INT.ARVL,Cyprus,CYP,2912000,2841000,2495000,2416000,2478000,2657000,2629000,2671000,2631000,2370000,2450000,2626000,2635000,2626000,2558000,2780000,3286000,3750000,4024000,4117000,..,56952000
ST.INT.ARVL,Czechia,CZE,..,..,..,20108000,23808000,24747000,25102000,22625000,21850000,23285000,21941000,22810000,25750000,26332000,27166000,29604000,32519000,34701000,36268000,37202000,..,455818000
ST.INT.ARVL,Denmark,DNK,..,..,..,21119000,22054000,26927000,26936000,27138000,26870000,26571000,26730000,25811000,26402000,26516000,28070000,28209000,28692000,30736000,30801000,33093000,15595000,478270000
ST.INT.ARVL,Djibouti,DJI,20100.00038,21600.00038,22500,23200.00076,26299.99924,30200.00076,39500,40000,54000,58000,51000,56000,60000,63000,..,..,..,..,..,..,..,565400.0015
ST.INT.ARVL,Dominica,DMA,312000,276000,208000,254000,466000,381000,465000,437000,468000,608000,595000,418000,348000,311000,370000,358000,356000,230000,199000,322000,140000,7522000
ST.INT.ARVL,Dominican Rep.,DOM,3161000,3090000,3058000,3680000,3907000,3981000,4268000,4365000,4455000,4489000,4478000,4654000,4901000,5114000,5576000,6129000,6769000,7296000,7551000,7550000,2748000,101220000
ST.INT.ARVL,Ecuador,ECU,627000,641000,683000,761000,819000,860000,841000,937000,1005000,968000,1047000,1141000,1272000,1364000,1695000,1676000,1569000,1806000,2535000,2108000,..,24355000
ST.INT.ARVL,Egypt,EGY,5506000,4648000,5192000,6044000,8104000,8608000,9083000,11091000,12835000,12536000,14731000,9845000,11532000,9464000,9878000,9328000,5399000,8292000,11346000,13026000,..,186488000
ST.INT.ARVL,El Salvador,SLV,867000,804000,885000,798000,1030000,1306000,1501000,1720000,1875000,1482000,1606000,1634000,1738000,1822000,1886000,1973000,2052000,2247000,2536000,2639000,707000,33108000
ST.INT.ARVL,Equatorial Guinea,GNQ,..,..,..,..,..,..,..,..,..,..,..,..,..,..,..,..,..,..,..,..,..,
ST.INT.ARVL,Eritrea,ERI,70000,113000,101000,80000,87000,83000,78000,81000,70000,79000,84000,107000,129000,141000,119000,114000,142000,..,..,..,..,1678000
ST.INT.ARVL,Estonia,EST,3310000,3230000,3253000,3378000,..,..,..,..,3828000,3834000,4369000,4907000,5007000,5737000,5804000,5696000,5942000,6145000,6033000,6103000,1695000,78271000
ST.INT.ARVL,Eswatini,SWZ,1151000,1312000,1371000,1543000,..,1182000,1200000,1230000,1186000,1344000,1343000,1328000,1278000,1299000,1325000,1256000,1279000,1343000,1277000,1226000,345299.9878,24818299.99
ST.INT.ARVL,Ethiopia,ETH,136000,148000,156000,180000,184000,227000,330000,358000,383000,427000,468000,523000,597000,681000,770000,864000,871000,933000,849000,812000,518000,10415000
ST.INT.ARVL,Faroe Islands,FRO,..,..,..,..,..,..,..,..,..,..,..,..,..,..,..,..,..,..,..,..,..,
ST.INT.ARVL,Fiji,FJI,434000,446000,461000,451000,513000,547000,..,542000,627000,605000,692000,734000,741000,769000,781000,869000,963000,1027000,1058000,969000,168000,13397000
ST.INT.ARVL,Finland,FIN,2714000,2826000,2875000,2601000,2840000,3140000,3375000,3519000,3583000,3423000,3670000,4192000,4226000,2797000,2731000,2622000,2789000,3180000,3224000,3290000,896000,64513000
ST.INT.ARVL,France,FRA,..,..,..,..,190282000,185829000,193882000,193319000,193571000,192369000,189826000,196595000,197522000,204410000,206599000,203302000,203042000,207274000,211998000,217877000,117109000,3304806000
ST.INT.ARVL,French Polynesia,PYF,..,..,..,..,..,..,..,243000,227000,190000,179000,196000,210000,214000,228000,239000,241000,254000,264000,300000,89400.00153,3074400.002
ST.INT.ARVL,Gabon,GAB,230000,236000,269000,234000,351000,526000,..,..,..,..,..,..,..,..,..,..,..,..,..,..,..,1846000
ST.INT.ARVL,"Gambia, The",GMB,79000,57000,81000,89000,90000,108000,125000,143000,147000,142000,91000,106000,157000,171000,156000,449000,450000,522000,552000,620000,246000,4581000
ST.INT.ARVL,Georgia,GEO,387000,302000,298000,313000,368000,560000,983000,1052000,1290000,1500000,2032000,2712000,4106000,4954000,5004000,5256000,5393000,6483000,7203000,7726000,1513000,59435000
ST.INT.ARVL,Germany,DEU,18983000,17861000,17969000,18399000,20137000,21500000,23569000,24421000,24884000,24220000,26875000,28374000,30411000,31545000,32999000,34970000,35555000,37452000,38881000,39563000,12449000,561017000
ST.INT.ARVL,Ghana,GHA,399000,439000,483000,531000,584000,429000,497000,587000,698000,803000,931000,821000,903000,994000,825000,897000,..,..,..,..,..,10821000
ST.INT.ARVL,Gibraltar,GIB,..,..,..,..,..,..,..,..,..,..,..,..,..,..,..,..,..,..,..,..,..,
ST.INT.ARVL,Greece,GRC,13567000,14678000,14918000,14785000,14268000,15938000,17284000,..,..,..,..,..,..,20112000,24272000,26114000,28071000,30161000,33072000,34005000,7406000,308651000
ST.INT.ARVL,Greenland,GRL,..,..,..,..,..,..,..,..,..,..,..,..,..,..,..,..,..,..,..,..,..,
ST.INT.ARVL,Grenada,GRD,316000,277000,271000,294000,370000,380000,342000,406000,428000,460000,445000,447000,370000,327000,387000,437000,474000,468000,529000,526000,217000,8171000
ST.INT.ARVL,Guam,GUM,1287000,1159000,1059000,910000,1160000,1228000,1212000,1225000,1142000,1053000,1197000,1160000,1308000,1334000,1343000,1409000,1536000,1545000,1549000,1667000,328000,25811000
ST.INT.ARVL,Guatemala,GTM,826000,835000,884000,880000,1182000,1316000,1502000,1628000,1715000,1311000,1384000,1434000,1491000,1516000,1739000,1865000,1906000,2120000,2406000,2560000,594000,31094000
ST.INT.ARVL,Guinea,GIN,33000,38000,43000,44000,45000,45000,46099.99847,30000,24000,..,12399.99962,131000,96000,56000,33000,35000,63000,99000,..,..,..,873499.9981
ST.INT.ARVL,Guinea-Bissau,GNB,..,7800.000191,..,..,..,5000,11600.00038,15600.00038,18000,16000,22299.99924,36700.00076,35400.00153,35500,36099.99847,43799.99924,45200.00076,49500,55000,52400.00153,..,485900.0025
ST.INT.ARVL,Guyana,GUY,105000,99000,104000,101000,122000,117000,113000,134000,130000,141000,152000,157000,177000,200000,206000,207000,235000,247000,287000,315000,86400.00153,3435400.002
ST.INT.ARVL,Haiti,HTI,445000,499000,482000,518000,385000,480000,558000,868000,758000,826000,793000,946000,959000,1064000,1127599.976,1190000,1153000,1262000,1333000,938000,..,16584599.98
ST.INT.ARVL,Honduras,HND,689000,672000,788000,887000,1026000,1118000,1136000,1309000,1561000,1589000,1965000,1852000,1903000,1857000,2082000,2093000,2228000,2144000,2323000,2315000,669000,32206000
ST.INT.ARVL,"Hong Kong SAR, China",HKG,13059000,13725000,16566000,15537000,21811000,23359000,25251000,28169000,29507000,29591000,36030000,41921000,48615000,54299000,60839000,59308000,56655000,58472000,65148000,55913000,3569000,757344000
ST.INT.ARVL,Hungary,HUN,31141000,30679000,31739000,31412000,33934000,36173000,38318000,39379000,39554000,40624000,39904000,41304000,43565000,43611000,45984000,48345000,52890000,54962000,57667000,61397000,31641000,874223000
ST.INT.ARVL,Iceland,ISL,328000,329000,315000,348000,405000,429000,477000,539000,561000,563000,559000,628000,765000,900000,1102000,1389000,1891000,2353000,2488000,2202000,488000,19059000
ST.INT.ARVL,India,IND,2649000,2537000,2384000,2726000,3457000,3919000,4447000,5082000,5283000,5168000,5776000,6309000,6578000,6968000,13107000,13284000,14570000,15543000,17423000,17914000,..,155124000
ST.INT.ARVL,Indonesia,IDN,5064000,5153000,5033000,4467000,5321000,5002000,4871000,5506000,6234000,6324000,7003000,7650000,8044000,8802000,9435000,10407000,11519000,14040000,15810000,16107000,4053000,165845000
ST.INT.ARVL,Iran,IRN,1342000,1402000,1585000,1546000,1659000,1889000,2735000,2219000,2034000,2116000,2938000,3354000,3834000,4769000,4968000,5237000,4942000,4867000,7295000,9107000,1550000,71388000
ST.INT.ARVL,Iraq,IRQ,78000,127000,..,..,..,..,..,..,864000,1262000,1518000,1510000,1111000,892000,..,..,..,..,..,..,..,7362000
ST.INT.ARVL,Ireland,IRL,6646000,6353000,6476000,6764000,6953000,7333000,8001000,8332000,8026000,7189000,7134000,7630000,7550000,8260000,8813000,9528000,10100000,10338000,10926000,10951000,..,163303000
ST.INT.ARVL,Isle of Man,IMN,..,..,..,..,..,..,..,..,..,..,..,..,..,..,..,..,..,..,..,..,..,
ST.INT.ARVL,Israel,ISR,2672000,1219000,862099.9756,..,1505800.049,1916000,1834000,2294000,3034000,2740000,3444000,3362000,3520000,3540000,3251000,3109000,3070000,3863000,4389000,4905000,..,54529900.02
ST.INT.ARVL,Italy,ITA,62702000,60960000,63561000,63026000,58480000,59230000,66353000,70271000,70719000,71692000,73225000,75866000,76293000,76762000,77694000,81068000,84925000,89931000,93228601.56,95399000,38419000,1509804602
ST.INT.ARVL,Jamaica,JAM,2230000,2117000,2131000,2483000,2515000,2615000,3016000,2880000,2859000,2753000,2832000,3077000,3306000,3274000,3504000,3692000,3837000,4276000,4319000,4233000,1329699.951,63278699.95
ST.INT.ARVL,Japan,JPN,4757000,4772000,5239000,5212000,6138000,6728000,7334000,8347000,8351000,6790000,8611000,6219000,8358000,10364000,13413000,19737000,24039000,28691000,31191000,31881000,4115799.805,250287799.8
ST.INT.ARVL,Jordan,JOR,2700000,3034000,4677000,4600000,5587000,5817000,6573000,6529000,7100000,7085000,8078000,6813000,6314000,5389000,5327000,4809000,4236000,4565000,4922000,5361000,1240000,110756000
ST.INT.ARVL,Kazakhstan,KAZ,1683000,2693000,3678000,3237000,4291000,4365000,4707000,5311000,4117000,3774000,4097000,5685000,6163000,6841000,6333000,6430000,6509000,7701000,8789000,8515000,2035000,106954000
ST.INT.ARVL,Kenya,KEN,1037000,994000,1001000,1146000,1361000,1479000,1601000,1817000,1203000,1490000,1609000,1823000,1711000,1520000,1350000,1181000,1340000,1449000,2025000,2049000,..,29186000
ST.INT.ARVL,Kiribati,KIR,13399.99962,14500,119500,130100.0061,63900.00153,50200.00076,10800.00019,32299.99924,..,..,..,..,..,..,8300.000191,8199.999809,7599.999905,7500,9000,12000,..,487300.0073
ST.INT.ARVL,North Korea,PRK,..,..,..,..,..,..,..,..,..,..,..,..,..,..,..,..,..,..,..,..,..,
ST.INT.ARVL,South Korea,KOR,5322000,5147000,5347000,4753000,5818000,6023000,6155000,6448000,6891000,7818000,8798000,9795000,11140000,12176000,14202000,13232000,17242000,13336000,15347000,17503000,2519000,195012000
ST.INT.ARVL,Kosovo,XKX,..,..,..,..,..,..,..,..,..,..,..,..,..,..,..,..,..,..,..,..,..,
ST.INT.ARVL,Kuwait,KWT,1944000,2072000,2316000,2602000,3056000,3474000,3899000,4482000,4736000,5088000,5208000,5574000,5729000,6217000,6528000,6941000,7055000,7407000,8508000,8565000,2161000,103562000
ST.INT.ARVL,Kyrgyzstan,KGZ,173000,199000,183000,342000,398000,319000,766000,1656000,2379000,2451000,1224000,3025000,3393000,4134000,3791000,4000000,3853000,4568000,6947000,8508000,..,52309000
ST.INT.ARVL,Laos,LAO,737000,674000,736000,636000,895000,1095000,1215000,1624000,1737000,2008000,2513000,2724000,3330000,3779000,4159000,4684000,4239000,3869000,4186000,4791000,886400.0244,50517400.02
ST.INT.ARVL,Latvia,LVA,1882000,2061000,2297000,2524000,3127000,3791000,4649000,5209000,5496000,4727000,5042000,5538000,5569000,5822000,6246000,6842000,6797000,7726000,7775000,8342000,3204000,104666000
ST.INT.ARVL,Lebanon,LBN,742000,837000,956000,1016000,1278000,1140000,1063000,1017000,1333000,1844000,2168000,1655000,1366000,1274000,1355000,1518000,1688000,1857000,1964000,1936000,..,28007000
ST.INT.ARVL,Lesotho,LSO,302000,295000,287000,329000,304000,304000,357000,300000,293000,344000,426000,398000,423000,433000,1079000,1082000,1196000,1137000,1173000,1142000,..,11604000
ST.INT.ARVL,Liberia,LBR,..,..,..,..,..,..,..,..,..,..,..,..,..,..,..,..,..,..,..,..,..,
ST.INT.ARVL,Libya,LBY,963000,953000,858000,958000,..,..,125000,106000,760000,..,..,..,..,..,..,..,..,..,..,..,..,4723000
ST.INT.ARVL,Liechtenstein,LIE,61599.99847,56500,48700.00076,49000,48500,49799.99924,54900.00153,72800.00305,72900.00153,66500,64300.00305,67000,62400.00153,59599.99847,61299.99924,56700.00076,69099.99847,79300.00305,85300.00305,98099.99847,58400.00153,1342700.012
ST.INT.ARVL,Lithuania,LTU,4092000,4195000,3999000,3635000,..,..,..,4251000,4459000,4001000,4073000,4504000,4979000,5264000,5217000,5048000,5322000,5590000,6115000,6150000,2284000,83178000
ST.INT.ARVL,Luxembourg,LUX,852000,836000,885000,867000,878000,913000,908000,914000,877000,847000,805000,874000,950000,945000,1038000,1090000,1054000,1046000,1018000,1041000,525000,19163000
ST.INT.ARVL,"Macao SAR, China",MAC,9162000,10279000,11531000,11888000,16673000,18711000,21998000,27003000,22933000,21753000,24965000,28002000,28082000,29325000,31526000,30715000,30950000,32611000,35804000,39406000,5897000,489214000
ST.INT.ARVL,Madagascar,MDG,..,..,..,..,..,..,..,..,..,..,..,..,..,..,..,282000,333000,285000,360000,486000,87099.99847,1833099.998
ST.INT.ARVL,Malawi,MWI,228000,266000,383000,424000,427000,438000,638000,735000,742000,755000,746000,767000,770000,795000,819000,805000,849000,837000,871000,..,..,12295000
ST.INT.ARVL,Malaysia,MYS,10222000,12775000,13292000,10577000,15703000,16431000,17547000,20973000,22052000,23646000,24577000,24714000,25033000,25715000,27437000,25721000,26757000,25948000,25832000,26101000,4333000,425386000
ST.INT.ARVL,Maldives,MDV,467000,461000,485000,564000,617000,395000,602000,676000,683000,656000,792000,931000,958000,1125000,1205000,1234000,1286000,1390000,1484000,1703000,555000,18269000
ST.INT.ARVL,Mali,MLI,86000,89000,96000,110000,113000,143000,153000,164000,190000,160000,169000,160000,134000,142000,168000,159000,173000,193000,203000,217000,..,3022000
ST.INT.ARVL,Malta,MLT,1387000,1439000,1483000,1512000,1428000,1484000,1521000,1723000,1832000,1608000,1815000,1916000,2007000,2013000,2162000,2383000,2592000,2944000,3232000,3519000,718000,40718000
ST.INT.ARVL,Marshall Islands,MHL,5199.999809,5400.000095,6000,7199.999809,9000,9199.999809,5800.000191,7199.999809,6000,5400.000095,4599.999905,4599.999905,4599.999905,..,4900.000095,6300.000191,5400.000095,6000,6800.000191,6099.999905,..,115699.9998
ST.INT.ARVL,Mauritania,MRT,30000,..,..,..,..,..,..,..,..,..,..,..,..,..,..,..,..,..,..,..,..,30000
ST.INT.ARVL,Mauritius,MUS,678000,675000,709000,721000,739000,782000,807000,933000,970000,890000,956000,983000,984000,1015000,1065000,1174000,1307000,1371000,1431000,1418000,316000,19924000
ST.INT.ARVL,Mexico,MEX,105673000,100718000,100153000,92330000,99250000,103146000,97701000,93582000,92948000,88044000,81953000,75732000,76749000,78100000,81042000,87129000,94853000,99349000,96497000,97406000,51128000,1893483000
ST.INT.ARVL,"Micronesia, Fed. Sts.",FSM,20500,15300.00019,19100.00038,18200.00076,19299.99924,19000,19100.00038,21100.00038,25700.00076,47500,44700.00076,35400.00153,38299.99924,42099.99847,35400.00153,31200.00076,29600.00038,..,19200.00076,18000,..,518700.0055
ST.INT.ARVL,Moldova,MDA,18000,16000,18000,21000,69000,67000,63000,70000,73000,60000,64000,75000,89000,95599.99847,93900.00153,94400.00153,121000,145000,160000,174000,29000,1615900.002
ST.INT.ARVL,Monaco,MCO,300000,270000,263000,235000,250000,286000,313000,328000,324000,265000,279000,295000,292000,328000,329000,331000,336000,355000,347000,363000,159000,6248000
ST.INT.ARVL,Mongolia,MNG,158000,192000,235000,205000,305000,345000,408000,455000,469000,465000,557000,627000,624000,515000,506000,467000,471000,543000,598000,637000,66900.00153,8848900.002
ST.INT.ARVL,Montenegro,MNE,..,..,136000,142000,188000,272000,378000,984000,1031000,1044000,1088000,1201000,1264000,1324000,1350000,1560000,1662000,1877000,2077000,2510000,351000,20439000
ST.INT.ARVL,Morocco,MAR,4458000,4596000,4709000,5021000,5732000,6077000,6777000,7701000,8209000,8661000,9752000,9784000,9830000,10349000,10507000,10542000,10677000,11540000,12489000,13109000,2802000,173322000
ST.INT.ARVL,Mozambique,MOZ,..,404000,943000,726000,711000,954000,1095000,1259000,1439000,1711000,1836000,2013000,2206000,1970000,1751000,1634000,1715000,1514000,2870000,2033000,..,28784000
ST.INT.ARVL,Myanmar,MMR,416000,475000,487000,597000,657000,660000,630000,716000,731000,763000,792000,816000,1059000,2044000,3081000,4681000,2907000,3443000,3551000,4364000,903000,33773000
ST.INT.ARVL,Namibia,NAM,759000,700000,799000,739000,986000,856000,961000,1048000,1079000,1100000,1114000,1163000,1245000,1327000,1429000,1488000,1551000,1581000,1639000,1651000,187100.0061,23402100.01
ST.INT.ARVL,Nauru,NRU,..,..,..,..,..,..,..,..,..,..,..,..,..,..,..,..,..,..,..,..,..,
ST.INT.ARVL,Nepal,NPL,464000,361000,275000,338000,385000,375000,384000,527000,500000,510000,603000,736000,803000,798000,790000,539000,753000,940000,1173000,1197000,230000,12681000
ST.INT.ARVL,Netherlands,NLD,10003000,9500000,9595000,9181000,9646000,10012000,10739000,11008000,10104000,9921000,10883000,11300000,11680000,12783000,13925000,15007000,15828000,17924000,18780000,20129000,7265000,255213000
ST.INT.ARVL,New Caledonia,NCL,110000,101000,104000,102000,100000,101000,100000,103000,104000,99000,99000,112000,112000,108000,107000,114000,116000,121000,120000,130000,31000,2194000
ST.INT.ARVL,New Zealand,NZL,1787000,1909000,2045000,2104000,2334000,2366000,2409000,2455000,2483000,2473000,2530000,2617000,2574000,2710000,2854000,3129000,3494000,3723000,3858000,3888000,996000,54738000
ST.INT.ARVL,Nicaragua,NIC,581000,584000,579000,646000,735000,804000,891000,978000,1011000,1010000,1071000,1122000,1233000,1273000,1390000,1456000,1596000,1958000,1412000,1455000,474000,22259000
ST.INT.ARVL,Niger,NER,50000,52000,39000,55000,57000,58000,60000,48000,73000,66000,74000,82000,94000,123000,135000,135000,152000,164000,157000,192000,85000,1951000
ST.INT.ARVL,Nigeria,NGA,1492000,1753000,2046000,2253000,2646000,2778000,3056000,5239000,5820000,6053000,6113000,3765000,4673000,4038000,4803000,6017000,5265000,..,..,..,..,67810000
ST.INT.ARVL,North Macedonia,MKD,224000,99000,123000,158000,165000,197000,202000,230000,255000,259000,262000,327000,351000,400000,425000,486000,510000,631000,707000,758000,118000,6887000
ST.INT.ARVL,Northern Mariana Islands,MNP,529000,444000,476000,459000,536000,507000,436000,389000,397000,354000,379000,341000,401000,439000,460000,479000,531000,660000,518000,487000,..,9222000
ST.INT.ARVL,Norway,NOR,3104000,3073000,3111000,3269000,3628000,3824000,4070000,4377000,4347000,4346000,4767000,4963000,4538000,4778000,4855000,5361000,5960000,6252000,5688000,5879000,1397000,91587000
ST.INT.ARVL,Oman,OMN,..,1095000,1112000,1210000,1407000,1101000,1385000,1360000,1540000,1584000,1500000,1393000,1714000,1923000,2225000,2634000,3207000,3178000,3242000,3506000,869000,37185000
ST.INT.ARVL,Pakistan,PAK,557000,500000,498000,501000,648000,798000,898000,840000,823000,855000,907000,1161000,966000,..,..,..,..,..,..,..,..,9952000
ST.INT.ARVL,Palau,PLW,58000,54000,59000,63000,89000,81000,82000,88000,81000,71000,85000,111000,120000,108000,140000,162000,138000,123000,106000,94000,18399.99962,1931400
ST.INT.ARVL,Panama,PAN,600000,737000,800000,897000,1004000,1070000,1215000,1428000,1575000,1562000,1726000,2004000,2086000,2202000,2305000,2553000,2379000,2517000,2487000,2494000,647000,34288000
ST.INT.ARVL,Papua New Guinea,PNG,..,..,..,..,..,..,..,..,120000,126000,146000,165000,175000,182000,191000,199000,198000,182000,195000,211000,39000,2129000
ST.INT.ARVL,Paraguay,PRY,3924000,3550000,3194000,2859000,2589000,2648000,2830000,3005000,3118000,3183000,3171000,3365000,3655000,3538000,3455000,4102000,4318000,4744000,4183000,4368000,1077000,70876000
ST.INT.ARVL,Peru,PER,..,..,..,..,1650000,1938000,2227000,2451000,2581000,2681000,2948000,3299000,3642000,4010000,4062000,4381000,4718000,4992000,5384000,5275000,1119000,57358000
ST.INT.ARVL,Philippines,PHL,1992000,1797000,1933000,1907000,2291000,2623000,2843000,3092000,3139000,3017000,3520000,3917000,4273000,4681000,4833000,5361000,5967000,6621000,7168000,8261000,1483000,80719000
ST.INT.ARVL,Poland,POL,84515000,61431000,50735000,52130000,61918000,64606000,65115000,66208000,59935000,53840000,58340000,60745000,67390000,72310000,73750000,77743000,80476000,83804000,85946000,88515000,..,1369452000
ST.INT.ARVL,Portugal,PRT,12097000,12167000,11644000,11707000,10639000,10612000,11282000,6788000,6962000,6439000,6756000,7264000,7503000,9177000,10497000,11723000,13359000,15432000,16186000,17283000,4208000,219725000
ST.INT.ARVL,Puerto Rico,PRI,4566000,4908000,4364000,4402000,4889000,5073000,5022000,5062000,5213000,4415000,4379000,4214000,4197000,4210000,4456000,5051000,5003000,4927000,4260000,4931000,3882000,97424000
ST.INT.ARVL,Qatar,QAT,..,..,..,..,..,..,..,..,..,1482000,1700000,2057000,2324000,2612000,2839000,2941000,2938000,2256000,1819000,2136500,582000,25686500
ST.INT.ARVL,Romania,ROU,5264000,4938000,4794000,5595000,6600000,5839000,6037000,7722000,8862000,7575000,7498000,7611000,7937000,8019000,8442000,9331000,10223000,10926000,11720000,12815000,5023000,162771000
ST.INT.ARVL,Russia,RUS,21169000,21595000,23309000,22521000,22064000,22201000,22486000,22909000,23676000,21339000,22281000,24932000,28177000,30792000,32421000,33729000,24571000,24390000,24551000,24419000,6359000,499891000
ST.INT.ARVL,Rwanda,RWA,..,..,..,..,..,..,531000,610000,669000,664000,667000,908000,1061000,1122000,1220000,1298000,1377000,1570000,1711000,1634000,..,15042000
ST.INT.ARVL,Samoa,WSM,..,..,..,..,..,..,116000,122000,122000,129000,130000,128000,135000,125000,132000,139000,146000,158000,172000,181000,23899.99962,1958900
ST.INT.ARVL,San Marino,SMR,3071000,3036000,3102000,2882000,2812000,2107000,2136000,2164000,2112000,2056000,1976000,2038000,1869000,1905000,2004000,1888000,2000000,1937000,1874000,1904000,..,44873000
ST.INT.ARVL,Sao Tome and Principe,STP,7099.999905,7500,9199.999809,10000,10600.00038,15800.00019,12300.00019,11800.00019,14500,15199.99981,8000,12199.99981,..,..,..,25600.00038,28899.99962,28899.99962,33400.00153,..,..,251000.0014
ST.INT.ARVL,Saudi Arabia,SAU,..,..,..,..,11083000,10417000,10962000,13479000,17717000,13319000,13025000,15776000,19847000,19934000,23010000,21834000,20887000,18607000,17570000,20292000,..,267759000
ST.INT.ARVL,Senegal,SEN,..,..,..,502000,677000,779000,876000,879000,877000,815000,906000,977000,967000,1069000,976000,1014000,1219000,1376000,..,..,..,13909000
ST.INT.ARVL,Serbia,SRB,..,..,312000,339000,392000,453000,469000,696000,646000,645000,683000,764000,810000,922000,1029000,1132000,1281000,1497000,1711000,1847000,446000,16074000
ST.INT.ARVL,Seychelles,SYC,140000,138000,135000,127000,126000,135000,151000,171000,173000,178000,191000,210000,216000,237000,239000,296000,333000,382000,405000,428000,124500,4535500
ST.INT.ARVL,Sierra Leone,SLE,..,..,..,..,..,..,..,..,..,..,..,..,75000,95000,53000,31000,60000,59000,66000,71000,..,510000
ST.INT.ARVL,Singapore,SGP,7691000,7522000,7567000,6127000,8329000,8943000,9751000,10285000,10116000,9683000,11642000,13171000,14496000,15568000,15095000,15231500,16403000,17425000,18508000,19116000,2742000,245411500
ST.INT.ARVL,Sint Maarten (Dutch part),SXM,1300000,1271000,1436000,1600000,1823000,1956000,1890000,1891000,1821000,1655000,1956000,2080000,2210000,2253000,2502000,2407000,2197000,1640000,1775000,1952000,..,37615000
ST.INT.ARVL,Slovak Republic,SVK,..,..,..,..,..,..,..,..,..,..,..,..,..,12583000,11556000,14936000,17376000,15406000,15299000,..,..,87156000
ST.INT.ARVL,Slovenia,SVN,1090000,1219000,1302000,1373000,1499000,1555000,1617000,1751000,1958000,1824000,2049000,2236000,2377000,2502000,2675000,3022000,3397000,3991000,4425000,4702000,1216000,47780000
ST.INT.ARVL,Solomon Islands,SLB,5199.999809,..,..,6599.999905,5599.999905,9399.999619,11500,13699.99981,16299.99924,18299.99924,20500,22899.99962,23899.99962,24399.99962,20100.00038,21600.00038,23200.00076,25700.00076,27899.99962,28899.99962,4400.000095,330099.998
ST.INT.ARVL,Somalia,SOM,..,..,..,..,..,..,..,..,..,..,..,..,..,..,..,..,..,..,..,..,..,
ST.INT.ARVL,South Africa,ZAF,6001000,5908000,6550000,6640000,6815000,7518000,8509000,9208000,9729000,9532000,11303000,12097000,13069000,14318000,14530000,13952000,15121000,14975000,15004000,14797000,3886600.098,219462600.1
ST.INT.ARVL,South Sudan,SSD,..,..,..,..,..,..,..,..,..,..,..,..,..,..,..,..,..,..,..,..,..,
ST.INT.ARVL,Spain,ESP,74580000,75564000,79313000,82326000,85981000,92563000,96152000,98907000,97670000,91899000,93744000,99187000,98128000,103231000,107144000,109834000,115561000,121717000,124456000,126170000,36410000,2010537000
ST.INT.ARVL,Sri Lanka,LKA,445000,397000,457000,583000,681000,669000,689000,592000,526000,538000,766000,976000,1133000,1415000,1665000,1993000,2168000,2248000,2521000,2027000,540000,23029000
ST.INT.ARVL,St. Kitts and Nevis,KNA,247000,334000,240000,247000,383000,365000,350000,379000,533000,548000,624000,723000,666000,695000,818000,1036000,1055000,1194000,1278000,1107000,301399.9939,13123399.99
ST.INT.ARVL,St. Lucia,LCA,727000,747000,648000,683000,791000,720000,670000,905000,925000,982000,984000,950000,889000,921000,987000,1031000,948000,1064000,1165000,1220000,432500,18389500
ST.INT.ARVL,St. Martin (French part),MAF,..,..,..,..,..,..,..,..,..,..,..,..,..,..,..,..,..,..,..,..,..,
ST.INT.ARVL,St. Vincent and the Grenadines,VCT,256000,254000,247000,242000,262000,256000,306000,328000,250000,271000,231000,208000,200000,200000,205000,207000,227000,303000,356000,392000,..,5201000
ST.INT.ARVL,Sudan,SDN,38000,50000,52000,52000,61000,246000,328000,436000,440000,420000,495000,536000,575000,591000,684000,741000,800000,813000,836000,..,..,8194000
ST.INT.ARVL,Suriname,SUR,72000,68000,..,100000,..,..,154000,167000,151000,151000,206000,221000,240000,250000,253000,229000,257000,279000,..,..,..,2798000
ST.INT.ARVL,Sweden,SWE,3828000,4108000,4276000,4268000,4676000,4883000,4729000,5224000,4555000,4899000,5183000,11567000,12372000,10980000,10522000,6482000,6782000,7054000,7440000,7616000,1957000,133401000
ST.INT.ARVL,Switzerland,CHE,7821000,7455000,6868000,6530000,..,7229000,7863000,8448000,8608000,8294000,8628000,8534000,8566000,8967000,9158000,9305000,10402000,11133000,11715000,11818000,..,167342000
ST.INT.ARVL,Syria,SYR,3412000,3671000,4678000,4837000,6334000,5859000,5682000,5434000,6951000,7721000,10970000,6476000,..,..,..,..,1043000,1291000,1802000,2424000,..,78585000
ST.INT.ARVL,Tajikistan,TJK,7699.999809,5199.999809,..,..,..,..,..,..,325000,207000,160000,183000,244000,208000,213000,414000,344000,431000,1035000,..,..,3776900
ST.INT.ARVL,Tanzania,TZA,501000,525000,575000,576000,583000,613000,644000,719000,770000,714000,783000,868000,1077000,1096000,1140000,1137000,1284000,1327000,1506000,1527000,..,17965000
ST.INT.ARVL,Thailand,THA,9579000,10133000,10873000,10082000,11737000,11567000,13822000,14464000,14584000,14150000,15936000,19230000,22354000,26547000,24810000,29923000,32530000,35592000,38178000,39916000,..,406007000
ST.INT.ARVL,Timor-Leste,TLS,..,..,..,..,..,..,14000,22000,36000,44000,40000,51000,58000,79000,60000,61599.99847,65599.99847,73900.00153,74599.99847,74800.00305,..,754500
ST.INT.ARVL,Togo,TGO,60000,57000,58000,61000,83000,81000,94000,86000,74000,150000,202000,300000,235000,327000,282000,273000,338000,514000,573000,876000,482000,5206000
ST.INT.ARVL,Tonga,TON,43000,38000,45000,51000,51000,60000,54000,65000,65000,74699.99695,65000,68400.00153,57200.00076,59700.00076,65800.00305,72599.99847,86699.99695,86599.99847,77300.00305,94000,..,1280000
ST.INT.ARVL,Trinidad and Tobago,TTO,503000,468000,451000,474000,501000,529000,534000,531000,482000,534000,490000,491000,504000,467000,455000,519000,492000,465000,501000,480000,141000,10012000
ST.INT.ARVL,Tunisia,TUN,5058000,5387000,5064000,5114000,5998000,6378000,6550000,6762000,7050000,7797000,7828000,5746000,6999000,7352000,7163000,5359000,5724000,7052000,8299000,9429000,2012000,134121000
ST.INT.ARVL,Turkey,TUR,10428000,11619000,13256000,14030000,17517000,21125000,19820000,27215000,31138000,31760000,32997000,36769000,37715000,39861000,41627000,41114000,30907000,37970000,46113000,51747000,15971000,610699000
ST.INT.ARVL,Turkmenistan,TKM,..,..,..,..,..,..,..,..,..,..,..,..,..,..,..,..,..,..,..,..,..,
ST.INT.ARVL,Turks and Caicos Islands,TCA,..,..,..,..,..,..,..,..,757000,865000,899000,1010000,968000,1069000,1330000,1316000,1296000,1243000,1463000,1599000,370399.9939,14185399.99
ST.INT.ARVL,Tuvalu,TUV,1100.000024,1100.000024,1299.999952,1399.999976,1299.999952,1100.000024,1100.000024,1100.000024,1700.000048,1600.000024,1700.000048,1200.000048,1100.000024,1299.999952,1399.999976,2400.000095,2500,2500,3200.000048,3599.999905,..,33700.00017
ST.INT.ARVL,Uganda,UGA,193000,205000,254000,305000,512000,468000,539000,642000,844000,807000,946000,1151000,1197000,1206000,1266000,1303000,1323000,1402000,1506000,1543000,473000,18085000
ST.INT.ARVL,Ukraine,UKR,11691000,11877000,12793000,15161000,18583000,20489000,21714000,26162000,28827000,24033000,24114000,24535000,25061000,26025000,13227000,13025000,13734000,14579000,14342000,13710000,3382000,377064000
ST.INT.ARVL,United Arab Emirates,ARE,..,..,..,..,..,..,..,..,..,..,..,..,..,..,..,19313000,20894000,21805000,23092000,25282000,8084000,118470000
ST.INT.ARVL,United Kingdom,GBR,25209000,22835000,24180000,24715000,27755000,29970000,32713000,32778000,31888000,31072000,30398000,31886000,32221000,33567000,35337000,36792000,39129000,41080000,40283000,40857000,11101000,655766000
ST.INT.ARVL,United States of America,USA,78343000,70975000,64434000,62082000,67606000,71484000,183178000,175299000,175703000,160508000,162275000,147271421.9,171629890.6,179309906.3,178311359.4,176864531.3,175261484.4,174291750,169324921.9,165478000,45037000,2854667266
ST.INT.ARVL,Uruguay,URY,2236000,2136000,1354000,1508000,1871000,1917000,1824000,1815000,2255000,2303000,2708000,3244000,3155000,3242000,3195000,3286000,3632000,4219000,3954000,3480000,..,53334000
ST.INT.ARVL,Uzbekistan,UZB,302000,345000,332000,231000,262000,242000,560000,903000,1069000,1215000,975000,1393000,1895000,1969000,1862000,1918000,2027000,2690000,5346000,6749000,..,32285000
ST.INT.ARVL,Vanuatu,VUT,106000,106000,99000,102000,99000,126000,154000,167000,196600.0061,225500,237699.9969,248899.9939,321000,357000,329000,287000,351600.0061,332700.0122,350200.0122,256000,82400.00153,4534600.029
ST.INT.ARVL,Venezuela,VEN,602000,792000,590000,435000,618000,846000,883000,898000,702000,567000,535000,625000,1061000,1085000,967000,882000,681000,429000,..,..,..,13198000
ST.INT.ARVL,Vietnam,VNM,2140000,2330000,2628000,2429000,2928000,3477000,3583000,4229000,4236000,3747000,5050000,6014000,6848000,7572000,7874000,7944000,10013000,12922000,15498000,18009000,3837000,133308000
ST.INT.ARVL,Virgin Islands (U.S.),VIR,2396000,2497000,2337000,2395000,2620000,2602000,2571000,2606000,2435000,2245000,2531000,2686000,2640000,2702000,2814000,2643000,2574000,1954000,1922000,2074000,8612000,57856000
ST.INT.ARVL,West Bank and Gaza,PSE,310000,43000,33000,37000,56000,88000,123000,264000,387000,396000,522000,449000,490000,545000,556000,432000,400000,503000,606000,688000,93000,7021000
ST.INT.ARVL,Yemen,YEM,..,..,..,..,..,..,..,..,..,..,1035000,1175000,1282000,1323000,1218000,398000,..,..,..,..,..,6431000
ST.INT.ARVL,Zambia,ZMB,457000,492000,565000,413000,515000,669000,757000,897000,812000,710000,815000,920000,859000,915000,947000,932000,956000,1009000,1072000,1266000,502000,16480000
ST.INT.ARVL,Zimbabwe,ZWE,1967000,2217000,2041000,2256000,1854000,1559000,2287000,2506000,1956000,2017000,2239000,2423000,1794000,1833000,1880000,2057000,2168000,2423000,2580000,2294000,639000,42990000
ST.INT.ARVL,Africa Eastern and Southern,AFE,15353177.3,15854696.29,17383375.42,17844385.28,18745951.16,19917566.37,22650320.88,25114898.44,25413098.27,25964418.07,29071500.51,31650243.88,32748552.39,34426632.68,35738392.21,35318681.46,37645887.77,38258347.88,41189145.27,39826701.4,..,560115972.9
ST.INT.ARVL,Africa Western and Central,AFW,4162850.003,4615887.342,4697120.11,5013049.71,5839376.585,6320831.909,6955607.105,9389591.494,10157585.78,10569712.64,11070796.45,8902380.178,10221030.4,10085818.94,10544624,13311681.73,13150775.34,..,..,..,..,145008719.7
ST.INT.ARVL,Arab World,ARB,..,..,..,..,80985285.3,82979842.63,89387603.62,99187198.04,115508623.6,113944262.1,130381603.8,109790026.2,122650455.8,122579989.8,130620704.1,122563985.7,115219915.3,122153139.7,131892640.9,142447574.2,..,1832292851
ST.INT.ARVL,Caribbean small states,CSS,11115377.44,10923386.39,11075114.14,12223187.43,13943780.1,13151761.26,13524000,13774000,13494000,14132000,14853000,15421000,15540000,15674000,16644000,17200000,17638000,18488000,19669834.92,19819087.26,..,298303528.9
ST.INT.ARVL,Central Europe and the Baltics,CEB,206946379.3,182538824.4,173510081.4,177955845.4,200553517.6,208136165.2,215062885.9,222544621.8,217002009.9,205767642.4,211503443.3,219665361.6,230513827.8,239484451.8,247176982.1,265484205.1,282858334.2,293799709.7,301502122.5,314638365.1,..,4616644777
ST.INT.ARVL,Early-demographic dividend,EAR,190532159.7,184896885.3,190886934.7,186159242.8,208858479.3,220351005.2,222512638.3,237447686.6,253965565.9,245231108.2,260218031.2,251178036,266770386.7,276291315.7,298030473.7,305091375.5,301876958.5,326787964.8,350576700.2,369336988.9,..,5146999937
ST.INT.ARVL,East Asia & Pacific,EAS,168455262.8,178795259.5,194873220.6,180513147.2,224750642.9,243811863.6,259502080.9,283352757.1,281400380.9,276931048.2,306945190.1,324630664.8,341731569.3,359795035.6,378067655.5,395583346.1,422310009.8,449587158.6,480202482.1,490804002.1,..,6242042778
ST.INT.ARVL,East Asia & Pacific (excluding high income),EAP,116409725.6,125452248.3,136489562.5,125706247.6,152728066.4,165948098.2,174721883.5,188386803.7,188916100.2,186368423.3,200103460.8,208057749.3,211756290.5,217301338.5,219499632.7,232372388.2,246129470.4,267094231.8,281129641,292842169.4,..,3937413532
ST.INT.ARVL,East Asia & Pacific (IDA & IBRD countries),TEA,115002176.3,123938277.9,134842642,124198110.6,150908208.2,163954997.3,172620607.2,186123962.6,186639516.7,184114105.6,197693903.4,205576450.4,209238311.6,214704672.5,216907017.8,229644083.5,243207453.4,263898378.3,277743234.6,289300101.8,..,3890256212
ST.INT.ARVL,Euro area,EMU,..,..,..,..,453619920.7,462527032.5,489625062.8,494727795.3,495768984,483880961.1,491730015.7,514734250.2,520092217.3,539066000,555108000,571048000,590598000,617852000,638607601.6,655573447.5,..,8574559289
ST.INT.ARVL,Europe & Central Asia,ECS,746290155.9,714973123.4,723771886.8,736933750.1,784677456.1,815823430.7,854328332.1,883815853.7,884795564.2,854438373.7,869779367.1,918783439.7,944560917.6,980013821.1,997036505.3,1026805426,1055431735,1112981075,1157868195,1199188499,..,18262296908
ST.INT.ARVL,Europe & Central Asia (excluding high income),ECA,61157451.51,63741444.7,69761846.86,73537448.52,83794261.44,92511429.35,95695880.82,113529421.7,123903647.8,115245401.6,119087288.4,132498762.1,142150827.9,151065267.8,140838191.8,142759135.2,134101499.9,149456827.8,169084765.5,180880471.5,..,2354801272
ST.INT.ARVL,Europe & Central Asia (IDA & IBRD countries),TEC,185016223.2,166982996.2,163685842,170010345.4,192355295.1,204584907.7,210284391.7,233796926.4,236802923.2,218138478.2,228004885.4,244817219,258377684,273457449.6,267581214.3,278325392.3,274218218.1,294608725.4,314784745.5,331546366.2,..,4747380229
ST.INT.ARVL,European Union,EUU,650173237.9,616082121.2,615268114.3,625662233.1,658492799.3,678884822.4,711022667.3,723200887.8,717085325.8,695775047.7,708410742.4,743016204.7,759681881.5,784371000,809619000,835937000,870371000,910869000,938485601.6,968873375.3,..,15021282062
ST.INT.ARVL,Fragile and conflict affected situations,FCS,13329949.62,14607271.61,16446497.16,17350162.91,19975986,20088164.79,21663574.55,25383279.85,29047239.13,31567087.21,36919296.57,30416045.12,32472105.73,33260753.94,..,..,..,..,..,..,..,342527414.2
ST.INT.ARVL,Heavily indebted poor countries (HIPC),HPC,7778591,8160225.185,9043190.155,9192544.326,10209662.04,11488151.57,12898473.62,14613529.78,15475609.72,15905711.58,17437169.26,19068517.6,20446470.38,21285585.15,21852006.86,23619335.25,25289047.23,27119321.17,29458450.95,29134874,..,349476466.8
ST.INT.ARVL,High income,HIC,929784135.7,884986860,879165850.6,871624379.2,939596423.2,969910115.6,1128257223,1143132373,1134881111,1087553476,1124271992,1153167525,1215900943,1266070915,1315757995,1349915164,1403510282,1453128423,1491870217,1522430053,..,23264915456
ST.INT.ARVL,IBRD only,IBD,468296048.9,453337858.3,461400702.6,453203858.6,519447298.2,553668383.7,569028747.4,606513212.4,614737921.6,588744192.9,618728471.1,631384271.5,653441090,674498601.2,683100776.6,710624637,732382440.8,787599416.9,823988846.5,852166955.7,..,12456293732
ST.INT.ARVL,IDA & IBRD total,IBT,508311572.2,493824388.6,504227902.4,496859855.2,569823563,606222959.5,626141605.1,671923148.4,683771447,659261625.3,695222797.5,706710380.5,733806691.5,759074427.8,771435636.9,805369212.1,826247856.8,889465190.8,939010263,974462802.2,..,13921173326
ST.INT.ARVL,IDA blend,IDB,..,..,..,..,..,..,..,..,..,..,..,..,..,..,..,..,..,..,..,..,..,
ST.INT.ARVL,IDA only,IDX,12504714.57,13101064,15034904.54,15535677.34,18457815.36,19225120.31,21221685.02,24248164.53,27424638.61,28669901,32648986.24,32417429.92,35988687.32,40041483.8,42827384.21,46442583.33,46337010.25,50308715.54,58328493.73,63144062.51,..,643908522.1
ST.INT.ARVL,IDA total,IDA,23005231.32,24182673.05,26352150.78,27591739.11,31980186.94,32888290.84,37120730.18,44274304.4,47671291.73,50223430.13,55256133.34,53613909.32,58250533.32,62020322.29,65941778.03,71927095.05,71605647.8,78201600.28,93089667.65,100914423.8,..,1056111139
ST.INT.ARVL,Late-demographic dividend,LTE,284253258.6,271213960,272906962.6,267562909.2,312413443.5,331644843.5,347355982.8,369420014.6,367075985.6,353528962.1,375168918.8,394674498.5,413361747.6,430928983.2,437115970.8,460461683.6,479145118.7,508820312.7,532235103.2,549832276.9,..,7759120937
ST.INT.ARVL,Latin America & Caribbean,LCN,161345288.5,155630805.1,152947999.4,148080474.9,161110799.6,167839740.3,165382750.9,164050585.8,165005509.7,158419130.2,157336067.7,155233946.6,159170173.4,162605371.4,171231468.5,182042491.6,193556155.2,202720683.4,201522429.4,201856013.7,..,3387087885
ST.INT.ARVL,Latin America & Caribbean (excluding high income),LAC,135852472.5,129631536.7,128164683.1,122614563.3,132972759.4,139293878.5,136738000,135404000,136305000,130549000,128009000,124212000,126982000,129584000,136666600,145821000,156330000,165093000,164604173.9,165233237,..,2770060904
ST.INT.ARVL,Latin America & the Caribbean (IDA & IBRD countries),TLA,142004691.9,135754875.4,133102339.9,127305056.4,138679012.3,145124920,142663119.8,141496729.3,142505000,136672000,134206000,131390000,134737000,137445000,144459600,154385000,165767000,175407000,173715171.2,172908916.9,..,2909728433
ST.INT.ARVL,Least developed countries: UN classification,LDC,8410825.329,8822886.005,9811415.87,9707907.432,11144721.84,12956006.38,14529500.41,16999106.65,18005255.39,18594287.03,20467099.63,23220314.71,26001684.94,28995508.77,31645081.8,33502770.99,32624657.65,34557520.69,38555567.91,40176417.36,..,438728536.8
ST.INT.ARVL,Low & middle income,LMY,376460649.1,382836193.3,403924802.1,394042563.3,453546722.6,486276713.9,503388699,543031904.7,562443862.6,548333631.3,578189300.7,585014466.5,607553618.6,626412968.4,634344306.6,658163496,673875108.8,731331434.2,782000891.1,814041186.1,..,11345212519
ST.INT.ARVL,Low income,LIC,..,4422831.21,5834485.609,5908363.545,7427824.405,7489497.836,7946918.306,8224734.581,9779564.746,10644113.01,13439676.35,11065512.1,11790113.07,12106324.92,12210720.22,11563292.83,13028546.97,14021098.76,17021655.36,17409971.53,..,201335245.4
ST.INT.ARVL,Lower middle income,LMC,60822587.41,61303177.85,64049459.33,69066616.13,82272562.52,88540296.68,96432872.55,112971124.5,120779067.9,117207259.1,126945397.1,125756815.6,136178040.8,142764863.4,140616367.3,145156137,146764495.2,166574126,192813989.6,207722217.3,..,2404737473
ST.INT.ARVL,Middle East & North Africa,MEA,..,..,..,..,80626989.2,83145581.49,90007073.63,99102298.55,115019778.3,113027486.5,130361782.1,111858609.8,124595751.5,125860611.7,133162231.8,126208646.1,119350820.6,127054293.5,139804138,152571280,..,1871757373
ST.INT.ARVL,Middle East & North Africa (excluding high income),MNA,25593702.35,25760103.49,29063175.72,30679598.57,37570149.47,38948343.13,42009917.53,44628483.89,50431455.77,53336591.6,62924889.12,50267660.08,53404835.82,51878546.95,51968618.04,47236883.36,41373623.82,48550026.98,58807590.79,65756226.13,..,910190422.6
ST.INT.ARVL,Middle East & North Africa (IDA & IBRD countries),TMN,25303332.91,25738554.55,29054552.85,30668307.01,37545158.34,38891162.76,41918915.57,44393001.4,50073040.23,52971338.68,62437036.01,49845259.01,52940791.71,51346515.84,51423560.29,46829784.84,40984877.39,48055307.59,58212100.38,65078454.6,..,903711052
ST.INT.ARVL,Middle income,MIC,369017840.4,375000502.6,394155191.5,384233687.5,441446433.2,473913514.8,490340950.5,529427962.3,546648340.2,531427960.5,557355435.1,567578027.4,589199451.6,607530503.4,615263536.6,639288627.7,655230626.6,711194514.8,758857901.9,790163362.9,..,11027274372
ST.INT.ARVL,North America,NAC,127520000,118580000,109814000,101468000,106929000,108161000,217203000,206332000,203623000,185758000,188476000,172989421.9,197557890.6,205052906.3,204449359.4,205016531.3,206045484.4,206060750,201364921.9,198713000,..,3471114266
ST.INT.ARVL,Not classified,INX,..,..,..,..,..,..,..,..,..,..,..,..,..,..,..,..,..,..,..,..,..,
ST.INT.ARVL,OECD members,OED,914409802,857416270.4,845244937.7,829225858.8,883810873.6,917093718.8,1057049131,1057756515,1052020401,1012277275,1023509319,1038728159,1089410317,1129790906,1163739359,1200190531,1244329484,1299260750,1331200523,1364524986,..,21310989117
ST.INT.ARVL,Other small states,OSS,22028654.64,22699583.12,23251643.31,23525106.49,25484888.27,25761318.53,27999916.15,30898966.04,32780642.47,32486504.56,37843566.16,33747412.99,36199883.01,39516963.6,42941757.49,43653648.12,46851127.1,49979552.76,51524462.84,51930012.47,..,701105610.1
ST.INT.ARVL,Pacific island small states,PSS,..,..,..,..,..,..,..,1082228.467,1202558.034,1241227.856,1349967.004,1427095.933,1519503.137,1571298.374,1590536.611,1675831.869,1836886.927,1885809.472,1928869.84,1752269.772,..,20064083.3
ST.INT.ARVL,Post-demographic dividend,PST,745500956.8,734362506.1,745620332.4,739424033.8,791914175.2,822568061,972284577.7,984896479.7,981136584.6,943253696.7,968795923.9,994042514.7,1040611729,1080304354,1105378388,1128129854,1175947745,1223167398,1257774890,1275198370,..,19710312571
ST.INT.ARVL,Pre-demographic dividend,PRE,7836650.595,8489704.811,9597982.873,9756308.311,11371716.19,12787723.66,14207513.32,17963991.87,18545304.58,19842113.52,21206463.38,20093300.35,21339533.62,20780542.21,21408619.23,24064888.69,24362726.94,..,..,..,..,283655084.2
ST.INT.ARVL,Small states,SST,35393988.81,35693405.21,36594901.98,38156636.51,42165941.52,41471204.55,43973149.94,47057081.1,48541042.91,49158502,55249470.45,51988608.98,54646954.02,58059805.31,62560577.16,63973751.93,71729395.16,75794208.06,78864839.62,79086475.92,..,1070159941
ST.INT.ARVL,South Asia,SAS,5028560.725,4693365.348,4527657.859,5212015.088,6372282.545,6697186.836,7599967.117,8429239.641,8726421.006,8418738.533,9476200.139,10853945.55,11239336.22,12150072.21,19662201.22,20005025.79,22126613.55,23793410.45,26712613.63,27102764.15,..,248827617.6
ST.INT.ARVL,South Asia (IDA & IBRD),TSA,4872221.467,4547447.402,4386891.801,5049972.186,6174166.627,6488969.56,7363682.167,8167172.393,8455114.312,8156997.767,9181582.618,10516493.57,10889902.34,11772323.31,19050898.28,19383064.35,21438691.39,23053667.15,25882111.54,26260132.18,..,241091502.4
ST.INT.ARVL,Sub-Saharan Africa,SSF,19581432.38,20519199.9,22162330.26,22926433.43,24699148.83,26367736.54,29762488.24,34665318.37,35737670.06,36704327.02,40334502.46,40741755.28,43202323.02,44728989.9,46510985.56,48979055.51,51223036.38,52899581.21,56673405.07,56014499.15,..,754434218.6
ST.INT.ARVL,Sub-Saharan Africa (excluding high income),SSA,19437981.38,20377864.55,22023890.38,22796021.36,24570128.19,26229482.3,29607860.52,34490086.89,35560286.3,36521793.4,40138969.93,40525618.32,42980384.6,44484730.55,46265055.58,48672074.1,50877194.38,52496629.86,56247033.37,55555231.3,..,749858317.3
ST.INT.ARVL,Sub-Saharan Africa (IDA & IBRD countries),TSS,19581432.38,20519199.9,22162330.26,22926433.43,24699148.83,26367736.54,29762488.24,34665318.37,35737670.06,36704327.02,40334502.46,40741755.28,43202323.02,44728989.9,46510985.56,48979055.51,51223036.38,52899581.21,56673405.07,56014499.15,..,754434218.6
ST.INT.ARVL,Upper middle income,UMC,301621449.3,306994545.9,323043770.1,308581283,351774849.8,377443418.7,385922932.2,408189869.1,417498839,406075035.2,422026476.2,433149966,444224631.8,455797691.6,465397898.8,484482005.8,498471214.2,534415314.9,556608632.2,573310641.3,..,8455030465
ST.INT.ARVL,World,WLD,1332379079,1299004508,1319581840,1300066793,1436450364,1501611341,1683029832,1739388600,1750746690,1687198488,1755720046,1792688016,1881196825,1952484358,2012330419,2071785910,2140443306,2248870724,2339399881,2403074088,..,35647451108